{
"sum": 2658685.0,
"avr": 193.16223481546064,
"sumMD": 21757.0,
"avrMD": 196.00900900900902,
"sumSD": 21819.0,
"avrSD": 196.56756756756758,
"max": 352.0,
"min": 35.0
}