{
  "Капуста белокочанная": {
    "avg": 5105.305555555556,
    "max": 9957.0,
    "min": 104.0
  },
  "Сбитень медовый": {
    "avg": 5339.8,
    "max": 9778.0,
    "min": 315.0
  },
  "Пакеты для Дня матери": {
    "avg": 5112.428571428572,
    "max": 8496.0,
    "min": 510.0
  },
  "Студень": {
    "avg": 4700.125,
    "max": 8121.0,
    "min": 1307.0
  },
  "Сыр": {
    "avg": 5693.727272727273,
    "max": 9330.0,
    "min": 1596.0
  },
  "Шубат": {
    "avg": 5022.961538461538,
    "max": 9956.0,
    "min": 852.0
  },
  "Бамия": {
    "avg": 4101.5,
    "max": 8913.0,
    "min": 598.0
  },
  "Золотое молоко": {
    "avg": 3893.1666666666665,
    "max": 9320.0,
    "min": 117.0
  },
  "Какао": {
    "avg": 5170.5625,
    "max": 9884.0,
    "min": 1436.0
  },
  "Тан": {
    "avg": 5472.807692307692,
    "max": 9899.0,
    "min": 2322.0
  },
  "Кокос": {
    "avg": 5622.0,
    "max": 9406.0,
    "min": 1009.0
  },
  "Смородина": {
    "avg": 5433.391304347826,
    "max": 9563.0,
    "min": 234.0
  },
  "Морс клюквенный": {
    "avg": 4212.0,
    "max": 9189.0,
    "min": 1051.0
  },
  "Персик": {
    "avg": 3855.6666666666665,
    "max": 8973.0,
    "min": 422.0
  },
  "Бекон": {
    "avg": 5998.0,
    "max": 9963.0,
    "min": 1292.0
  },
  "Камамбер": {
    "avg": 3918.6875,
    "max": 9560.0,
    "min": 147.0
  },
  "Растительное масло кунжутное": {
    "avg": 4146.666666666667,
    "max": 8258.0,
    "min": 356.0
  },
  "Манго": {
    "avg": 5407.583333333333,
    "max": 9766.0,
    "min": 836.0
  },
  "Слива": {
    "avg": 5293.105263157895,
    "max": 9023.0,
    "min": 164.0
  },
  "Кабачок": {
    "avg": 4818.176470588235,
    "max": 9219.0,
    "min": 374.0
  },
  "Сосиски": {
    "avg": 7396.5,
    "max": 9602.0,
    "min": 3841.0
  },
  "Ложки столовые": {
    "avg": 3820.75,
    "max": 8177.0,
    "min": 1117.0
  },
  "Чабрец сушеный": {
    "avg": 5216.6,
    "max": 9167.0,
    "min": 979.0
  },
  "Бадьян": {
    "avg": 5699.0,
    "max": 7818.0,
    "min": 1003.0
  },
  "Лимон": {
    "avg": 3792.5384615384614,
    "max": 8911.0,
    "min": 824.0
  },
  "Полба": {
    "avg": 4937.692307692308,
    "max": 9965.0,
    "min": 1916.0
  },
  "Растительное масло кукурузное": {
    "avg": 6095.636363636364,
    "max": 9693.0,
    "min": 2572.0
  },
  "Перец болгарский": {
    "avg": 4425.411764705882,
    "max": 9915.0,
    "min": 309.0
  },
  "Окра": {
    "avg": 4674.0,
    "max": 9529.0,
    "min": 115.0
  },
  "Тэфф": {
    "avg": 3561.0,
    "max": 8131.0,
    "min": 321.0
  },
  "Мытищинская": {
    "avg": 4741.8,
    "max": 9711.0,
    "min": 613.0
  },
  "Шаурма": {
    "avg": 4250.461538461538,
    "max": 8773.0,
    "min": 227.0
  },
  "Сок ананасовый": {
    "avg": 4840.473684210527,
    "max": 9629.0,
    "min": 309.0
  },
  "Сок томатный": {
    "avg": 5505.5,
    "max": 8155.0,
    "min": 736.0
  },
  "Подольская": {
    "avg": 4510.25,
    "max": 9560.0,
    "min": 620.0
  },
  "Кольраби": {
    "avg": 4088.5833333333335,
    "max": 9372.0,
    "min": 235.0
  },
  "Пармезан": {
    "avg": 4013.3333333333335,
    "max": 8207.0,
    "min": 2001.0
  },
  "Ванилин": {
    "avg": 5626.368421052632,
    "max": 8956.0,
    "min": 1329.0
  },
  "Вымя": {
    "avg": 5122.1,
    "max": 9784.0,
    "min": 310.0
  },
  "Златоустовская": {
    "avg": 4295.0,
    "max": 8795.0,
    "min": 2526.0
  },
  "Репа": {
    "avg": 5621.466666666666,
    "max": 9580.0,
    "min": 480.0
  },
  "Мандарин": {
    "avg": 5664.333333333333,
    "max": 9707.0,
    "min": 596.0
  },
  "Озеро Медвежье": {
    "avg": 4597.928571428572,
    "max": 9355.0,
    "min": 128.0
  },
  "Каша из камута": {
    "avg": 4035.1428571428573,
    "max": 9606.0,
    "min": 296.0
  },
  "Шейка": {
    "avg": 5862.3,
    "max": 9212.0,
    "min": 167.0
  },
  "Буррито с мясом": {
    "avg": 6064.0,
    "max": 9893.0,
    "min": 165.0
  },
  "Буженина": {
    "avg": 5361.9,
    "max": 8821.0,
    "min": 667.0
  },
  "Буузы": {
    "avg": 5350.833333333333,
    "max": 9656.0,
    "min": 1131.0
  },
  "Карбонад": {
    "avg": 4268.692307692308,
    "max": 9661.0,
    "min": 1741.0
  },
  "Груша": {
    "avg": 6418.166666666667,
    "max": 9679.0,
    "min": 1232.0
  },
  "Пакеты для Рождества": {
    "avg": 4951.714285714285,
    "max": 9580.0,
    "min": 918.0
  },
  "Мортаделла": {
    "avg": 6256.833333333333,
    "max": 9983.0,
    "min": 210.0
  },
  "Шпинат": {
    "avg": 4013.45,
    "max": 9812.0,
    "min": 425.0
  },
  "Пакеты для Всемирного дня поэзии": {
    "avg": 5885.0,
    "max": 9398.0,
    "min": 514.0
  },
  "Картофель": {
    "avg": 5457.428571428572,
    "max": 9091.0,
    "min": 1214.0
  },
  "Чеснок": {
    "avg": 4720.870967741936,
    "max": 9975.0,
    "min": 604.0
  },
  "Копчености": {
    "avg": 6161.6,
    "max": 9746.0,
    "min": 633.0
  },
  "Пакеты для обуви": {
    "avg": 3773.0,
    "max": 8932.0,
    "min": 709.0
  },
  "Вареники с мясом": {
    "avg": 4794.486486486487,
    "max": 9970.0,
    "min": 110.0
  },
  "Хабаровская": {
    "avg": 5469.631578947368,
    "max": 9708.0,
    "min": 636.0
  },
  "Рулька": {
    "avg": 6171.4,
    "max": 8870.0,
    "min": 955.0
  },
  "Мультиварка": {
    "avg": 5351.0,
    "max": 8798.0,
    "min": 1326.0
  },
  "Творог": {
    "avg": 4720.833333333333,
    "max": 9108.0,
    "min": 478.0
  },
  "Батат": {
    "avg": 5223.15,
    "max": 9544.0,
    "min": 656.0
  },
  "Специи (перец, куркума, зира)": {
    "avg": 5888.625,
    "max": 9729.0,
    "min": 2871.0
  },
  "Пакеты для Нового года": {
    "avg": 4926.727272727273,
    "max": 9660.0,
    "min": 935.0
  },
  "Гусиные потроха": {
    "avg": 5251.571428571428,
    "max": 8478.0,
    "min": 1015.0
  },
  "Белокуриха": {
    "avg": 5297.363636363636,
    "max": 8810.0,
    "min": 862.0
  },
  "Цукини": {
    "avg": 6693.272727272727,
    "max": 9723.0,
    "min": 2104.0
  },
  "Айран": {
    "avg": 5773.285714285715,
    "max": 9916.0,
    "min": 2412.0
  },
  "Каша из дробленного риса": {
    "avg": 4251.714285714285,
    "max": 9386.0,
    "min": 2079.0
  },
  "Яблоко": {
    "avg": 7043.714285714285,
    "max": 9885.0,
    "min": 1567.0
  },
  "Лук-порей": {
    "avg": 5535.6,
    "max": 9999.0,
    "min": 3190.0
  },
  "Цветная капуста": {
    "avg": 5582.0,
    "max": 9943.0,
    "min": 2048.0
  },
  "Петрушка сушеная": {
    "avg": 5306.0,
    "max": 9833.0,
    "min": 553.0
  },
  "Тыква": {
    "avg": 4337.357142857143,
    "max": 9439.0,
    "min": 748.0
  },
  "Хурма": {
    "avg": 4935.615384615385,
    "max": 9453.0,
    "min": 101.0
  },
  "Каша из кускуса": {
    "avg": 5898.6,
    "max": 9925.0,
    "min": 402.0
  },
  "Молоко": {
    "avg": 4089.090909090909,
    "max": 8533.0,
    "min": 525.0
  },
  "Сочи": {
    "avg": 6188.875,
    "max": 9557.0,
    "min": 2047.0
  },
  "Имбирь молотый": {
    "avg": 5130.9375,
    "max": 8305.0,
    "min": 937.0
  },
  "Эндивий": {
    "avg": 4788.25,
    "max": 7878.0,
    "min": 228.0
  },
  "Чоризо": {
    "avg": 4785.75,
    "max": 9337.0,
    "min": 389.0
  },
  "Мороженое": {
    "avg": 5345.421052631579,
    "max": 9326.0,
    "min": 122.0
  },
  "Фенхель": {
    "avg": 6202.909090909091,
    "max": 9890.0,
    "min": 1612.0
  },
  "Фейхоа": {
    "avg": 4347.933333333333,
    "max": 9473.0,
    "min": 661.0
  },
  "Гель после бритья": {
    "avg": 3704.4,
    "max": 5893.0,
    "min": 1259.0
  },
  "Виноград": {
    "avg": 6459.692307692308,
    "max": 9180.0,
    "min": 823.0
  },
  "Щелковская": {
    "avg": 7081.714285714285,
    "max": 9852.0,
    "min": 4052.0
  },
  "Сливки": {
    "avg": 3004.8,
    "max": 6856.0,
    "min": 918.0
  },
  "Каша из дробленной гречки": {
    "avg": 5150.857142857143,
    "max": 9408.0,
    "min": 162.0
  },
  "Пастернак": {
    "avg": 5408.470588235294,
    "max": 9782.0,
    "min": 387.0
  },
  "Пакеты для охоты": {
    "avg": 4588.9375,
    "max": 9940.0,
    "min": 508.0
  },
  "Свинина": {
    "avg": 5247.625,
    "max": 8161.0,